GCA_000176935.1	../reference_genomes/shadow/GCA_000176935.1.fna
GCA_000262365.1	../reference_genomes/shadow/GCA_000262365.1.fna
GCA_000461895.1	../reference_genomes/shadow/GCA_000461895.1.fna
GCA_000476775.1	../reference_genomes/shadow/GCA_000476775.1.fna
GCA_000614165.1	../reference_genomes/shadow/GCA_000614165.1.fna
GCA_000688775.2	../reference_genomes/shadow/GCA_000688775.2.fna
GCA_000691125.1	../reference_genomes/shadow/GCA_000691125.1.fna
GCA_000691445.1	../reference_genomes/shadow/GCA_000691445.1.fna
GCA_000756695.1	../reference_genomes/shadow/GCA_000756695.1.fna
GCA_000765165.1	../reference_genomes/shadow/GCA_000765165.1.fna
GCA_000974285.1	../reference_genomes/shadow/GCA_000974285.1.fna
GCA_001051075.1	../reference_genomes/shadow/GCA_001051075.1.fna
GCA_001188635.1	../reference_genomes/shadow/GCA_001188635.1.fna
GCA_001280155.1	../reference_genomes/shadow/GCA_001280155.1.fna
GCA_001293045.1	../reference_genomes/shadow/GCA_001293045.1.fna
GCA_001305035.1	../reference_genomes/shadow/GCA_001305035.1.fna
GCA_001311665.1	../reference_genomes/shadow/GCA_001311665.1.fna
GCA_001577555.1	../reference_genomes/shadow/GCA_001577555.1.fna
GCA_001657585.1	../reference_genomes/shadow/GCA_001657585.1.fna
GCA_001800165.1	../reference_genomes/shadow/GCA_001800165.1.fna
GCA_001801915.1	../reference_genomes/shadow/GCA_001801915.1.fna
GCA_001831175.1	../reference_genomes/shadow/GCA_001831175.1.fna
GCA_001897365.1	../reference_genomes/shadow/GCA_001897365.1.fna
GCA_001897775.1	../reference_genomes/shadow/GCA_001897775.1.fna
GCA_001938545.1	../reference_genomes/shadow/GCA_001938545.1.fna
GCA_002008155.1	../reference_genomes/shadow/GCA_002008155.1.fna
GCA_002070575.1	../reference_genomes/shadow/GCA_002070575.1.fna
GCA_002084045.1	../reference_genomes/shadow/GCA_002084045.1.fna
GCA_002172815.1	../reference_genomes/shadow/GCA_002172815.1.fna
GCA_002281195.1	../reference_genomes/shadow/GCA_002281195.1.fna
GCA_002282035.1	../reference_genomes/shadow/GCA_002282035.1.fna
GCA_002294145.1	../reference_genomes/shadow/GCA_002294145.1.fna
GCA_002296445.1	../reference_genomes/shadow/GCA_002296445.1.fna
GCA_002316095.1	../reference_genomes/shadow/GCA_002316095.1.fna
GCA_002335235.1	../reference_genomes/shadow/GCA_002335235.1.fna
GCA_002338285.1	../reference_genomes/shadow/GCA_002338285.1.fna
GCA_002342875.1	../reference_genomes/shadow/GCA_002342875.1.fna
GCA_002344985.1	../reference_genomes/shadow/GCA_002344985.1.fna
GCA_002348875.1	../reference_genomes/shadow/GCA_002348875.1.fna
GCA_002350005.1	../reference_genomes/shadow/GCA_002350005.1.fna
GCA_002351545.1	../reference_genomes/shadow/GCA_002351545.1.fna
GCA_002364715.1	../reference_genomes/shadow/GCA_002364715.1.fna
GCA_002367575.1	../reference_genomes/shadow/GCA_002367575.1.fna
GCA_002381675.1	../reference_genomes/shadow/GCA_002381675.1.fna
GCA_002391705.1	../reference_genomes/shadow/GCA_002391705.1.fna
GCA_002397075.1	../reference_genomes/shadow/GCA_002397075.1.fna
GCA_002397165.1	../reference_genomes/shadow/GCA_002397165.1.fna
GCA_002415325.1	../reference_genomes/shadow/GCA_002415325.1.fna
GCA_002415545.1	../reference_genomes/shadow/GCA_002415545.1.fna
GCA_002419745.1	../reference_genomes/shadow/GCA_002419745.1.fna
GCA_002425195.1	../reference_genomes/shadow/GCA_002425195.1.fna
GCA_002429185.1	../reference_genomes/shadow/GCA_002429185.1.fna
GCA_002435675.1	../reference_genomes/shadow/GCA_002435675.1.fna
GCA_002452715.1	../reference_genomes/shadow/GCA_002452715.1.fna
GCA_002470005.1	../reference_genomes/shadow/GCA_002470005.1.fna
GCA_002470405.1	../reference_genomes/shadow/GCA_002470405.1.fna
GCA_002473025.1	../reference_genomes/shadow/GCA_002473025.1.fna
GCA_002479025.1	../reference_genomes/shadow/GCA_002479025.1.fna
GCA_002481215.1	../reference_genomes/shadow/GCA_002481215.1.fna
GCA_002481345.1	../reference_genomes/shadow/GCA_002481345.1.fna
GCA_002481445.1	../reference_genomes/shadow/GCA_002481445.1.fna
GCA_002498425.1	../reference_genomes/shadow/GCA_002498425.1.fna
GCA_002498905.1	../reference_genomes/shadow/GCA_002498905.1.fna
GCA_002499755.1	../reference_genomes/shadow/GCA_002499755.1.fna
GCA_002502975.1	../reference_genomes/shadow/GCA_002502975.1.fna
GCA_002683555.1	../reference_genomes/shadow/GCA_002683555.1.fna
GCA_002686935.1	../reference_genomes/shadow/GCA_002686935.1.fna
GCA_002709065.1	../reference_genomes/shadow/GCA_002709065.1.fna
GCA_002774215.1	../reference_genomes/shadow/GCA_002774215.1.fna
GCA_002781645.1	../reference_genomes/shadow/GCA_002781645.1.fna
GCA_002784845.1	../reference_genomes/shadow/GCA_002784845.1.fna
GCA_002919445.1	../reference_genomes/shadow/GCA_002919445.1.fna
GCA_003131405.1	../reference_genomes/shadow/GCA_003131405.1.fna
GCA_003131805.1	../reference_genomes/shadow/GCA_003131805.1.fna
GCA_003138595.1	../reference_genomes/shadow/GCA_003138595.1.fna
GCA_003163995.1	../reference_genomes/shadow/GCA_003163995.1.fna
GCA_003167185.1	../reference_genomes/shadow/GCA_003167185.1.fna
GCA_003387715.1	../reference_genomes/shadow/GCA_003387715.1.fna
GCA_003439045.1	../reference_genomes/shadow/GCA_003439045.1.fna
GCA_003476985.1	../reference_genomes/shadow/GCA_003476985.1.fna
GCA_003481325.1	../reference_genomes/shadow/GCA_003481325.1.fna
GCA_003512645.1	../reference_genomes/shadow/GCA_003512645.1.fna
GCA_003550585.1	../reference_genomes/shadow/GCA_003550585.1.fna
GCA_003550805.1	../reference_genomes/shadow/GCA_003550805.1.fna
GCA_003603255.1	../reference_genomes/shadow/GCA_003603255.1.fna
GCA_003701675.1	../reference_genomes/shadow/GCA_003701675.1.fna
GCA_003973075.1	../reference_genomes/shadow/GCA_003973075.1.fna
GCA_004016735.1	../reference_genomes/shadow/GCA_004016735.1.fna
GCA_004016885.1	../reference_genomes/shadow/GCA_004016885.1.fna
GCA_004019895.1	../reference_genomes/shadow/GCA_004019895.1.fna
GCA_004553155.1	../reference_genomes/shadow/GCA_004553155.1.fna
GCA_004555805.1	../reference_genomes/shadow/GCA_004555805.1.fna
GCA_004801755.1	../reference_genomes/shadow/GCA_004801755.1.fna
GCA_004961265.1	../reference_genomes/shadow/GCA_004961265.1.fna
GCA_005880435.1	../reference_genomes/shadow/GCA_005880435.1.fna
GCA_005882755.1	../reference_genomes/shadow/GCA_005882755.1.fna
GCA_005889175.1	../reference_genomes/shadow/GCA_005889175.1.fna
GCA_006227725.1	../reference_genomes/shadow/GCA_006227725.1.fna
GCA_007118625.1	../reference_genomes/shadow/GCA_007118625.1.fna
GCA_007123365.1	../reference_genomes/shadow/GCA_007123365.1.fna
GCA_007125965.1	../reference_genomes/shadow/GCA_007125965.1.fna
GCA_007135535.1	../reference_genomes/shadow/GCA_007135535.1.fna
GCA_007693285.1	../reference_genomes/shadow/GCA_007693285.1.fna
GCA_008673455.1	../reference_genomes/shadow/GCA_008673455.1.fna
GCA_008679375.1	../reference_genomes/shadow/GCA_008679375.1.fna
GCA_008680005.1	../reference_genomes/shadow/GCA_008680005.1.fna
GCA_009360455.1	../reference_genomes/shadow/GCA_009360455.1.fna
GCA_009392435.1	../reference_genomes/shadow/GCA_009392435.1.fna
GCA_009493715.1	../reference_genomes/shadow/GCA_009493715.1.fna
GCA_009698665.1	../reference_genomes/shadow/GCA_009698665.1.fna
GCA_009758305.1	../reference_genomes/shadow/GCA_009758305.1.fna
GCA_009774935.1	../reference_genomes/shadow/GCA_009774935.1.fna
GCA_009787215.1	../reference_genomes/shadow/GCA_009787215.1.fna
GCA_009838025.1	../reference_genomes/shadow/GCA_009838025.1.fna
GCA_009841545.1	../reference_genomes/shadow/GCA_009841545.1.fna
GCA_009843485.1	../reference_genomes/shadow/GCA_009843485.1.fna
GCA_009844785.1	../reference_genomes/shadow/GCA_009844785.1.fna
GCA_009911465.1	../reference_genomes/shadow/GCA_009911465.1.fna
GCA_009922135.1	../reference_genomes/shadow/GCA_009922135.1.fna
GCA_009923575.1	../reference_genomes/shadow/GCA_009923575.1.fna
GCA_009993665.1	../reference_genomes/shadow/GCA_009993665.1.fna
GCA_009993915.1	../reference_genomes/shadow/GCA_009993915.1.fna
GCA_010026945.1	../reference_genomes/shadow/GCA_010026945.1.fna
GCA_010030505.1	../reference_genomes/shadow/GCA_010030505.1.fna
GCA_010436075.1	../reference_genomes/shadow/GCA_010436075.1.fna
GCA_011048335.1	../reference_genomes/shadow/GCA_011048335.1.fna
GCA_011524375.1	../reference_genomes/shadow/GCA_011524375.1.fna
GCA_011771545.1	../reference_genomes/shadow/GCA_011771545.1.fna
GCA_011776145.1	../reference_genomes/shadow/GCA_011776145.1.fna
GCA_011801225.1	../reference_genomes/shadow/GCA_011801225.1.fna
GCA_012275145.1	../reference_genomes/shadow/GCA_012275145.1.fna
GCA_012516995.1	../reference_genomes/shadow/GCA_012516995.1.fna
GCA_012839575.1	../reference_genomes/shadow/GCA_012839575.1.fna
GCA_012964495.1	../reference_genomes/shadow/GCA_012964495.1.fna
GCA_013155505.1	../reference_genomes/shadow/GCA_013155505.1.fna
GCA_013213925.1	../reference_genomes/shadow/GCA_013213925.1.fna
GCA_013333475.2	../reference_genomes/shadow/GCA_013333475.2.fna
GCA_013360645.1	../reference_genomes/shadow/GCA_013360645.1.fna
GCA_013607755.1	../reference_genomes/shadow/GCA_013607755.1.fna
GCA_013822025.1	../reference_genomes/shadow/GCA_013822025.1.fna
GCA_014133975.1	../reference_genomes/shadow/GCA_014133975.1.fna
GCA_014304925.1	../reference_genomes/shadow/GCA_014304925.1.fna
GCA_014361345.1	../reference_genomes/shadow/GCA_014361345.1.fna
GCA_014864695.1	../reference_genomes/shadow/GCA_014864695.1.fna
GCA_014871505.1	../reference_genomes/shadow/GCA_014871505.1.fna
GCA_014892395.1	../reference_genomes/shadow/GCA_014892395.1.fna
GCA_015057265.1	../reference_genomes/shadow/GCA_015057265.1.fna
GCA_015075505.1	../reference_genomes/shadow/GCA_015075505.1.fna
GCA_015228825.1	../reference_genomes/shadow/GCA_015228825.1.fna
GCA_015257205.1	../reference_genomes/shadow/GCA_015257205.1.fna
GCA_015262315.1	../reference_genomes/shadow/GCA_015262315.1.fna
GCA_015263995.1	../reference_genomes/shadow/GCA_015263995.1.fna
GCA_015264955.1	../reference_genomes/shadow/GCA_015264955.1.fna
GCA_015477195.1	../reference_genomes/shadow/GCA_015477195.1.fna
GCA_015490365.1	../reference_genomes/shadow/GCA_015490365.1.fna
GCA_015492235.1	../reference_genomes/shadow/GCA_015492235.1.fna
GCA_015655785.1	../reference_genomes/shadow/GCA_015655785.1.fna
GCA_015664395.1	../reference_genomes/shadow/GCA_015664395.1.fna
GCA_015665495.1	../reference_genomes/shadow/GCA_015665495.1.fna
GCA_016219665.1	../reference_genomes/shadow/GCA_016219665.1.fna
GCA_016297285.1	../reference_genomes/shadow/GCA_016297285.1.fna
GCA_016297655.1	../reference_genomes/shadow/GCA_016297655.1.fna
GCA_016702455.1	../reference_genomes/shadow/GCA_016702455.1.fna
GCA_016702945.1	../reference_genomes/shadow/GCA_016702945.1.fna
GCA_016706985.1	../reference_genomes/shadow/GCA_016706985.1.fna
GCA_016712705.1	../reference_genomes/shadow/GCA_016712705.1.fna
GCA_016720015.1	../reference_genomes/shadow/GCA_016720015.1.fna
GCA_016720475.1	../reference_genomes/shadow/GCA_016720475.1.fna
GCA_016781205.1	../reference_genomes/shadow/GCA_016781205.1.fna
GCA_016785005.1	../reference_genomes/shadow/GCA_016785005.1.fna
GCA_016790105.1	../reference_genomes/shadow/GCA_016790105.1.fna
GCA_016841135.1	../reference_genomes/shadow/GCA_016841135.1.fna
GCA_016842045.1	../reference_genomes/shadow/GCA_016842045.1.fna
GCA_016842145.1	../reference_genomes/shadow/GCA_016842145.1.fna
GCA_016860705.1	../reference_genomes/shadow/GCA_016860705.1.fna
GCA_017305975.1	../reference_genomes/shadow/GCA_017305975.1.fna
GCA_017306615.1	../reference_genomes/shadow/GCA_017306615.1.fna
GCA_017307395.1	../reference_genomes/shadow/GCA_017307395.1.fna
GCA_017346795.1	../reference_genomes/shadow/GCA_017346795.1.fna
GCA_017347465.1	../reference_genomes/shadow/GCA_017347465.1.fna
GCA_017383565.1	../reference_genomes/shadow/GCA_017383565.1.fna
GCA_017398185.1	../reference_genomes/shadow/GCA_017398185.1.fna
GCA_017407065.1	../reference_genomes/shadow/GCA_017407065.1.fna
GCA_017438185.1	../reference_genomes/shadow/GCA_017438185.1.fna
GCA_017438205.1	../reference_genomes/shadow/GCA_017438205.1.fna
GCA_017475205.1	../reference_genomes/shadow/GCA_017475205.1.fna
GCA_017505105.1	../reference_genomes/shadow/GCA_017505105.1.fna
GCA_017505305.1	../reference_genomes/shadow/GCA_017505305.1.fna
GCA_017523235.1	../reference_genomes/shadow/GCA_017523235.1.fna
GCA_017592725.1	../reference_genomes/shadow/GCA_017592725.1.fna
GCA_017695055.1	../reference_genomes/shadow/GCA_017695055.1.fna
GCA_017854215.1	../reference_genomes/shadow/GCA_017854215.1.fna
GCA_017859775.1	../reference_genomes/shadow/GCA_017859775.1.fna
GCA_017886585.1	../reference_genomes/shadow/GCA_017886585.1.fna
GCA_017888285.1	../reference_genomes/shadow/GCA_017888285.1.fna
GCA_017888785.1	../reference_genomes/shadow/GCA_017888785.1.fna
GCA_017889205.1	../reference_genomes/shadow/GCA_017889205.1.fna
GCA_017983825.1	../reference_genomes/shadow/GCA_017983825.1.fna
GCA_017984465.1	../reference_genomes/shadow/GCA_017984465.1.fna
GCA_017994225.1	../reference_genomes/shadow/GCA_017994225.1.fna
GCA_018056645.1	../reference_genomes/shadow/GCA_018056645.1.fna
GCA_018063615.1	../reference_genomes/shadow/GCA_018063615.1.fna
GCA_018222685.1	../reference_genomes/shadow/GCA_018222685.1.fna
GCA_018265525.1	../reference_genomes/shadow/GCA_018265525.1.fna
GCA_018363965.1	../reference_genomes/shadow/GCA_018363965.1.fna
GCA_018365545.1	../reference_genomes/shadow/GCA_018365545.1.fna
GCA_018366835.1	../reference_genomes/shadow/GCA_018366835.1.fna
GCA_018371015.1	../reference_genomes/shadow/GCA_018371015.1.fna
GCA_018374455.1	../reference_genomes/shadow/GCA_018374455.1.fna
GCA_018378275.1	../reference_genomes/shadow/GCA_018378275.1.fna
GCA_018378955.1	../reference_genomes/shadow/GCA_018378955.1.fna
GCA_018381455.1	../reference_genomes/shadow/GCA_018381455.1.fna
GCA_018382575.1	../reference_genomes/shadow/GCA_018382575.1.fna
GCA_018383135.1	../reference_genomes/shadow/GCA_018383135.1.fna
GCA_018436545.1	../reference_genomes/shadow/GCA_018436545.1.fna
GCA_018649545.1	../reference_genomes/shadow/GCA_018649545.1.fna
GCA_018650685.1	../reference_genomes/shadow/GCA_018650685.1.fna
GCA_018651385.1	../reference_genomes/shadow/GCA_018651385.1.fna
GCA_018658945.1	../reference_genomes/shadow/GCA_018658945.1.fna
GCA_018663095.1	../reference_genomes/shadow/GCA_018663095.1.fna
GCA_018663315.1	../reference_genomes/shadow/GCA_018663315.1.fna
GCA_018664925.1	../reference_genomes/shadow/GCA_018664925.1.fna
GCA_018664935.1	../reference_genomes/shadow/GCA_018664935.1.fna
GCA_018666695.1	../reference_genomes/shadow/GCA_018666695.1.fna
GCA_018667815.1	../reference_genomes/shadow/GCA_018667815.1.fna
GCA_018669135.1	../reference_genomes/shadow/GCA_018669135.1.fna
GCA_018670475.1	../reference_genomes/shadow/GCA_018670475.1.fna
GCA_018674875.1	../reference_genomes/shadow/GCA_018674875.1.fna
GCA_018680365.1	../reference_genomes/shadow/GCA_018680365.1.fna
GCA_018695415.1	../reference_genomes/shadow/GCA_018695415.1.fna
GCA_018815175.1	../reference_genomes/shadow/GCA_018815175.1.fna
GCA_018819585.1	../reference_genomes/shadow/GCA_018819585.1.fna
GCA_018819845.1	../reference_genomes/shadow/GCA_018819845.1.fna
GCA_018820265.1	../reference_genomes/shadow/GCA_018820265.1.fna
GCA_018820585.1	../reference_genomes/shadow/GCA_018820585.1.fna
GCA_018821845.1	../reference_genomes/shadow/GCA_018821845.1.fna
GCA_018896275.1	../reference_genomes/shadow/GCA_018896275.1.fna
GCA_018899585.1	../reference_genomes/shadow/GCA_018899585.1.fna
GCA_018902375.1	../reference_genomes/shadow/GCA_018902375.1.fna
GCA_018971295.1	../reference_genomes/shadow/GCA_018971295.1.fna
GCA_018971345.1	../reference_genomes/shadow/GCA_018971345.1.fna
GCA_019012465.1	../reference_genomes/shadow/GCA_019012465.1.fna
GCA_019112845.1	../reference_genomes/shadow/GCA_019112845.1.fna
GCA_019187325.1	../reference_genomes/shadow/GCA_019187325.1.fna
GCA_019219245.1	../reference_genomes/shadow/GCA_019219245.1.fna
GCA_019249755.1	../reference_genomes/shadow/GCA_019249755.1.fna
GCA_900008475.1	../reference_genomes/shadow/GCA_900008475.1.fna
GCA_900104005.1	../reference_genomes/shadow/GCA_900104005.1.fna
GCA_900317175.1	../reference_genomes/shadow/GCA_900317175.1.fna
GCA_900317415.1	../reference_genomes/shadow/GCA_900317415.1.fna
GCA_900467005.1	../reference_genomes/shadow/GCA_900467005.1.fna
GCA_900467475.1	../reference_genomes/shadow/GCA_900467475.1.fna
GCA_900467995.1	../reference_genomes/shadow/GCA_900467995.1.fna
GCA_900468315.1	../reference_genomes/shadow/GCA_900468315.1.fna
GCA_900469805.1	../reference_genomes/shadow/GCA_900469805.1.fna
GCA_900471565.1	../reference_genomes/shadow/GCA_900471565.1.fna
GCA_900471775.1	../reference_genomes/shadow/GCA_900471775.1.fna
GCA_900538565.1	../reference_genomes/shadow/GCA_900538565.1.fna
GCA_900539335.1	../reference_genomes/shadow/GCA_900539335.1.fna
GCA_900541595.1	../reference_genomes/shadow/GCA_900541595.1.fna
GCA_900544215.1	../reference_genomes/shadow/GCA_900544215.1.fna
GCA_900546985.1	../reference_genomes/shadow/GCA_900546985.1.fna
GCA_900547575.1	../reference_genomes/shadow/GCA_900547575.1.fna
GCA_900547875.1	../reference_genomes/shadow/GCA_900547875.1.fna
GCA_900549575.1	../reference_genomes/shadow/GCA_900549575.1.fna
GCA_900552405.1	../reference_genomes/shadow/GCA_900552405.1.fna
GCA_900637115.1	../reference_genomes/shadow/GCA_900637115.1.fna
GCA_900753805.1	../reference_genomes/shadow/GCA_900753805.1.fna
GCA_900754185.1	../reference_genomes/shadow/GCA_900754185.1.fna
GCA_900754825.1	../reference_genomes/shadow/GCA_900754825.1.fna
GCA_900756145.1	../reference_genomes/shadow/GCA_900756145.1.fna
GCA_900756745.1	../reference_genomes/shadow/GCA_900756745.1.fna
GCA_900758725.1	../reference_genomes/shadow/GCA_900758725.1.fna
GCA_900762955.1	../reference_genomes/shadow/GCA_900762955.1.fna
GCA_900764205.1	../reference_genomes/shadow/GCA_900764205.1.fna
GCA_900765385.1	../reference_genomes/shadow/GCA_900765385.1.fna
GCA_900765435.1	../reference_genomes/shadow/GCA_900765435.1.fna
GCA_900767865.1	../reference_genomes/shadow/GCA_900767865.1.fna
GCA_900771515.1	../reference_genomes/shadow/GCA_900771515.1.fna
GCA_902363295.1	../reference_genomes/shadow/GCA_902363295.1.fna
GCA_902363725.1	../reference_genomes/shadow/GCA_902363725.1.fna
GCA_902364035.1	../reference_genomes/shadow/GCA_902364035.1.fna
GCA_902364985.1	../reference_genomes/shadow/GCA_902364985.1.fna
GCA_902386905.1	../reference_genomes/shadow/GCA_902386905.1.fna
GCA_902387225.1	../reference_genomes/shadow/GCA_902387225.1.fna
GCA_902399915.1	../reference_genomes/shadow/GCA_902399915.1.fna
GCA_902399925.1	../reference_genomes/shadow/GCA_902399925.1.fna
GCA_902406185.1	../reference_genomes/shadow/GCA_902406185.1.fna
GCA_902406235.1	../reference_genomes/shadow/GCA_902406235.1.fna
GCA_902639985.1	../reference_genomes/shadow/GCA_902639985.1.fna
GCA_902732775.1	../reference_genomes/shadow/GCA_902732775.1.fna
GCA_902755475.1	../reference_genomes/shadow/GCA_902755475.1.fna
GCA_902755995.1	../reference_genomes/shadow/GCA_902755995.1.fna
GCA_902756065.1	../reference_genomes/shadow/GCA_902756065.1.fna
GCA_902757915.1	../reference_genomes/shadow/GCA_902757915.1.fna
GCA_902758505.1	../reference_genomes/shadow/GCA_902758505.1.fna
GCA_902760245.1	../reference_genomes/shadow/GCA_902760245.1.fna
GCA_902760485.1	../reference_genomes/shadow/GCA_902760485.1.fna
GCA_902762095.1	../reference_genomes/shadow/GCA_902762095.1.fna
GCA_902762915.1	../reference_genomes/shadow/GCA_902762915.1.fna
GCA_902763715.1	../reference_genomes/shadow/GCA_902763715.1.fna
GCA_902764795.1	../reference_genomes/shadow/GCA_902764795.1.fna
GCA_902766535.1	../reference_genomes/shadow/GCA_902766535.1.fna
GCA_902768075.1	../reference_genomes/shadow/GCA_902768075.1.fna
GCA_902768225.1	../reference_genomes/shadow/GCA_902768225.1.fna
GCA_902770155.1	../reference_genomes/shadow/GCA_902770155.1.fna
GCA_902772045.1	../reference_genomes/shadow/GCA_902772045.1.fna
GCA_902773795.1	../reference_genomes/shadow/GCA_902773795.1.fna
GCA_902774575.1	../reference_genomes/shadow/GCA_902774575.1.fna
GCA_902776325.1	../reference_genomes/shadow/GCA_902776325.1.fna
GCA_902777975.1	../reference_genomes/shadow/GCA_902777975.1.fna
GCA_902779585.1	../reference_genomes/shadow/GCA_902779585.1.fna
GCA_902781445.1	../reference_genomes/shadow/GCA_902781445.1.fna
GCA_902784355.1	../reference_genomes/shadow/GCA_902784355.1.fna
GCA_902785505.1	../reference_genomes/shadow/GCA_902785505.1.fna
GCA_902786945.1	../reference_genomes/shadow/GCA_902786945.1.fna
GCA_902788125.1	../reference_genomes/shadow/GCA_902788125.1.fna
GCA_902789235.1	../reference_genomes/shadow/GCA_902789235.1.fna
GCA_902789595.1	../reference_genomes/shadow/GCA_902789595.1.fna
GCA_902789955.1	../reference_genomes/shadow/GCA_902789955.1.fna
GCA_902790705.1	../reference_genomes/shadow/GCA_902790705.1.fna
GCA_902791565.1	../reference_genomes/shadow/GCA_902791565.1.fna
GCA_902792915.1	../reference_genomes/shadow/GCA_902792915.1.fna
GCA_902793445.1	../reference_genomes/shadow/GCA_902793445.1.fna
GCA_902794655.1	../reference_genomes/shadow/GCA_902794655.1.fna
GCA_902799605.1	../reference_genomes/shadow/GCA_902799605.1.fna
GCA_902800515.1	../reference_genomes/shadow/GCA_902800515.1.fna
GCA_902800635.1	../reference_genomes/shadow/GCA_902800635.1.fna
GCA_902803175.1	../reference_genomes/shadow/GCA_902803175.1.fna
GCA_903789465.1	../reference_genomes/shadow/GCA_903789465.1.fna
GCA_903789675.1	../reference_genomes/shadow/GCA_903789675.1.fna
GCA_903820755.1	../reference_genomes/shadow/GCA_903820755.1.fna
GCA_903821005.1	../reference_genomes/shadow/GCA_903821005.1.fna
GCA_903822125.1	../reference_genomes/shadow/GCA_903822125.1.fna
GCA_903822225.1	../reference_genomes/shadow/GCA_903822225.1.fna
GCA_903822295.1	../reference_genomes/shadow/GCA_903822295.1.fna
GCA_903822865.1	../reference_genomes/shadow/GCA_903822865.1.fna
GCA_903824165.1	../reference_genomes/shadow/GCA_903824165.1.fna
GCA_903831135.1	../reference_genomes/shadow/GCA_903831135.1.fna
GCA_903832185.1	../reference_genomes/shadow/GCA_903832185.1.fna
GCA_903832745.1	../reference_genomes/shadow/GCA_903832745.1.fna
GCA_903834295.1	../reference_genomes/shadow/GCA_903834295.1.fna
GCA_903834305.1	../reference_genomes/shadow/GCA_903834305.1.fna
GCA_903838455.1	../reference_genomes/shadow/GCA_903838455.1.fna
GCA_903839655.1	../reference_genomes/shadow/GCA_903839655.1.fna
GCA_903839885.1	../reference_genomes/shadow/GCA_903839885.1.fna
GCA_903848195.1	../reference_genomes/shadow/GCA_903848195.1.fna
GCA_903850345.1	../reference_genomes/shadow/GCA_903850345.1.fna
GCA_903853305.1	../reference_genomes/shadow/GCA_903853305.1.fna
GCA_903859965.1	../reference_genomes/shadow/GCA_903859965.1.fna
GCA_903867675.1	../reference_genomes/shadow/GCA_903867675.1.fna
GCA_903869095.1	../reference_genomes/shadow/GCA_903869095.1.fna
GCA_903870215.1	../reference_genomes/shadow/GCA_903870215.1.fna
GCA_903873305.1	../reference_genomes/shadow/GCA_903873305.1.fna
GCA_903874685.1	../reference_genomes/shadow/GCA_903874685.1.fna
GCA_903876515.1	../reference_genomes/shadow/GCA_903876515.1.fna
GCA_903878455.1	../reference_genomes/shadow/GCA_903878455.1.fna
GCA_903883335.1	../reference_genomes/shadow/GCA_903883335.1.fna
GCA_903885775.1	../reference_genomes/shadow/GCA_903885775.1.fna
GCA_903886225.1	../reference_genomes/shadow/GCA_903886225.1.fna
GCA_903888005.1	../reference_genomes/shadow/GCA_903888005.1.fna
GCA_903888055.1	../reference_genomes/shadow/GCA_903888055.1.fna
GCA_903888935.1	../reference_genomes/shadow/GCA_903888935.1.fna
GCA_903890295.1	../reference_genomes/shadow/GCA_903890295.1.fna
GCA_903892525.1	../reference_genomes/shadow/GCA_903892525.1.fna
GCA_903900165.1	../reference_genomes/shadow/GCA_903900165.1.fna
GCA_903911095.1	../reference_genomes/shadow/GCA_903911095.1.fna
GCA_903911195.1	../reference_genomes/shadow/GCA_903911195.1.fna
GCA_903911655.1	../reference_genomes/shadow/GCA_903911655.1.fna
GCA_903914495.1	../reference_genomes/shadow/GCA_903914495.1.fna
GCA_903915275.1	../reference_genomes/shadow/GCA_903915275.1.fna
GCA_903919295.1	../reference_genomes/shadow/GCA_903919295.1.fna
GCA_903919305.1	../reference_genomes/shadow/GCA_903919305.1.fna
GCA_903923055.1	../reference_genomes/shadow/GCA_903923055.1.fna
GCA_903925045.1	../reference_genomes/shadow/GCA_903925045.1.fna
GCA_903926375.1	../reference_genomes/shadow/GCA_903926375.1.fna
GCA_903934245.1	../reference_genomes/shadow/GCA_903934245.1.fna
GCA_903935625.1	../reference_genomes/shadow/GCA_903935625.1.fna
GCA_903945705.1	../reference_genomes/shadow/GCA_903945705.1.fna
GCA_903951915.1	../reference_genomes/shadow/GCA_903951915.1.fna
GCA_903952975.1	../reference_genomes/shadow/GCA_903952975.1.fna
GCA_903953135.1	../reference_genomes/shadow/GCA_903953135.1.fna
GCA_903959485.1	../reference_genomes/shadow/GCA_903959485.1.fna
GCA_903961585.1	../reference_genomes/shadow/GCA_903961585.1.fna
GCA_904373385.1	../reference_genomes/shadow/GCA_904373385.1.fna
GCA_904391665.1	../reference_genomes/shadow/GCA_904391665.1.fna
GCA_904419505.1	../reference_genomes/shadow/GCA_904419505.1.fna
GCA_905182085.1	../reference_genomes/shadow/GCA_905182085.1.fna
GCA_905188015.1	../reference_genomes/shadow/GCA_905188015.1.fna
GCA_905192555.1	../reference_genomes/shadow/GCA_905192555.1.fna
GCA_905192925.1	../reference_genomes/shadow/GCA_905192925.1.fna
GCA_905193845.1	../reference_genomes/shadow/GCA_905193845.1.fna
GCA_905194035.1	../reference_genomes/shadow/GCA_905194035.1.fna
GCA_905194905.1	../reference_genomes/shadow/GCA_905194905.1.fna
GCA_905196285.1	../reference_genomes/shadow/GCA_905196285.1.fna
GCA_905197785.1	../reference_genomes/shadow/GCA_905197785.1.fna
GCA_905199485.1	../reference_genomes/shadow/GCA_905199485.1.fna
GCA_905201065.1	../reference_genomes/shadow/GCA_905201065.1.fna
GCA_905201495.1	../reference_genomes/shadow/GCA_905201495.1.fna
GCA_905201595.1	../reference_genomes/shadow/GCA_905201595.1.fna
GCA_905202185.1	../reference_genomes/shadow/GCA_905202185.1.fna
GCA_905202705.1	../reference_genomes/shadow/GCA_905202705.1.fna
GCA_905202935.1	../reference_genomes/shadow/GCA_905202935.1.fna
GCA_905203115.1	../reference_genomes/shadow/GCA_905203115.1.fna
GCA_905203575.1	../reference_genomes/shadow/GCA_905203575.1.fna
GCA_905206015.1	../reference_genomes/shadow/GCA_905206015.1.fna
GCA_905206655.1	../reference_genomes/shadow/GCA_905206655.1.fna
GCA_905207765.1	../reference_genomes/shadow/GCA_905207765.1.fna
GCA_905209795.1	../reference_genomes/shadow/GCA_905209795.1.fna
GCA_905209995.1	../reference_genomes/shadow/GCA_905209995.1.fna
GCA_905213275.1	../reference_genomes/shadow/GCA_905213275.1.fna
GCA_905214385.1	../reference_genomes/shadow/GCA_905214385.1.fna
GCA_905221495.1	../reference_genomes/shadow/GCA_905221495.1.fna
GCA_905233505.1	../reference_genomes/shadow/GCA_905233505.1.fna
GCA_905372375.1	../reference_genomes/shadow/GCA_905372375.1.fna
GCA_905372755.1	../reference_genomes/shadow/GCA_905372755.1.fna
GCA_910578375.1	../reference_genomes/shadow/GCA_910578375.1.fna
GCA_910583805.1	../reference_genomes/shadow/GCA_910583805.1.fna
GCA_910584705.1	../reference_genomes/shadow/GCA_910584705.1.fna
GCA_910822285.1	../reference_genomes/shadow/GCA_910822285.1.fna
GCF_000009305.1	../reference_genomes/shadow/GCF_000009305.1.fna
GCF_000016885.1	../reference_genomes/shadow/GCF_000016885.1.fna
GCF_000017725.2	../reference_genomes/shadow/GCF_000017725.2.fna
GCF_000018005.1	../reference_genomes/shadow/GCF_000018005.1.fna
GCF_000021285.1	../reference_genomes/shadow/GCF_000021285.1.fna
GCF_000025105.1	../reference_genomes/shadow/GCF_000025105.1.fna
GCF_000163915.2	../reference_genomes/shadow/GCF_000163915.2.fna
GCF_000165615.1	../reference_genomes/shadow/GCF_000165615.1.fna
GCF_000171855.1	../reference_genomes/shadow/GCF_000171855.1.fna
GCF_000183605.1	../reference_genomes/shadow/GCF_000183605.1.fna
GCF_000184285.1	../reference_genomes/shadow/GCF_000184285.1.fna
GCF_000204395.1	../reference_genomes/shadow/GCF_000204395.1.fna
GCF_000208565.1	../reference_genomes/shadow/GCF_000208565.1.fna
GCF_000219415.2	../reference_genomes/shadow/GCF_000219415.2.fna
GCF_000237065.1	../reference_genomes/shadow/GCF_000237065.1.fna
GCF_000238215.1	../reference_genomes/shadow/GCF_000238215.1.fna
GCF_000248035.1	../reference_genomes/shadow/GCF_000248035.1.fna
GCF_000290775.1	../reference_genomes/shadow/GCF_000290775.1.fna
GCF_000302115.1	../reference_genomes/shadow/GCF_000302115.1.fna
GCF_000305775.1	../reference_genomes/shadow/GCF_000305775.1.fna
GCF_000306555.1	../reference_genomes/shadow/GCF_000306555.1.fna
GCF_000314775.2	../reference_genomes/shadow/GCF_000314775.2.fna
GCF_000333935.1	../reference_genomes/shadow/GCF_000333935.1.fna
GCF_000338635.1	../reference_genomes/shadow/GCF_000338635.1.fna
GCF_000341525.1	../reference_genomes/shadow/GCF_000341525.1.fna
GCF_000364425.1	../reference_genomes/shadow/GCF_000364425.1.fna
GCF_000364745.1	../reference_genomes/shadow/GCF_000364745.1.fna
GCF_000368305.1	../reference_genomes/shadow/GCF_000368305.1.fna
GCF_000373865.1	../reference_genomes/shadow/GCF_000373865.1.fna
GCF_000375065.1	../reference_genomes/shadow/GCF_000375065.1.fna
GCF_000406125.1	../reference_genomes/shadow/GCF_000406125.1.fna
GCF_000417525.1	../reference_genomes/shadow/GCF_000417525.1.fna
GCF_000430245.1	../reference_genomes/shadow/GCF_000430245.1.fna
GCF_000430905.1	../reference_genomes/shadow/GCF_000430905.1.fna
GCF_000442435.1	../reference_genomes/shadow/GCF_000442435.1.fna
GCF_000443775.1	../reference_genomes/shadow/GCF_000443775.1.fna
GCF_000467835.1	../reference_genomes/shadow/GCF_000467835.1.fna
GCF_000477535.1	../reference_genomes/shadow/GCF_000477535.1.fna
GCF_000478805.1	../reference_genomes/shadow/GCF_000478805.1.fna
GCF_000493795.1	../reference_genomes/shadow/GCF_000493795.1.fna
GCF_000502395.1	../reference_genomes/shadow/GCF_000502395.1.fna
GCF_000508045.1	../reference_genomes/shadow/GCF_000508045.1.fna
GCF_000514295.1	../reference_genomes/shadow/GCF_000514295.1.fna
GCF_000516795.1	../reference_genomes/shadow/GCF_000516795.1.fna
GCF_000518585.1	../reference_genomes/shadow/GCF_000518585.1.fna
GCF_000524665.1	../reference_genomes/shadow/GCF_000524665.1.fna
GCF_000526075.1	../reference_genomes/shadow/GCF_000526075.1.fna
GCF_000526615.1	../reference_genomes/shadow/GCF_000526615.1.fna
GCF_000583855.1	../reference_genomes/shadow/GCF_000583855.1.fna
GCF_000590415.1	../reference_genomes/shadow/GCF_000590415.1.fna
GCF_000607225.1	../reference_genomes/shadow/GCF_000607225.1.fna
GCF_000613365.1	../reference_genomes/shadow/GCF_000613365.1.fna
GCF_000685055.1	../reference_genomes/shadow/GCF_000685055.1.fna
GCF_000691385.1	../reference_genomes/shadow/GCF_000691385.1.fna
GCF_000692135.1	../reference_genomes/shadow/GCF_000692135.1.fna
GCF_000699585.2	../reference_genomes/shadow/GCF_000699585.2.fna
GCF_000708345.1	../reference_genomes/shadow/GCF_000708345.1.fna
GCF_000717845.1	../reference_genomes/shadow/GCF_000717845.1.fna
GCF_000733145.1	../reference_genomes/shadow/GCF_000733145.1.fna
GCF_000741375.1	../reference_genomes/shadow/GCF_000741375.1.fna
GCF_000743235.1	../reference_genomes/shadow/GCF_000743235.1.fna
GCF_000746135.1	../reference_genomes/shadow/GCF_000746135.1.fna
GCF_000757785.1	../reference_genomes/shadow/GCF_000757785.1.fna
GCF_000758645.1	../reference_genomes/shadow/GCF_000758645.1.fna
GCF_000765975.1	../reference_genomes/shadow/GCF_000765975.1.fna
GCF_000769985.1	../reference_genomes/shadow/GCF_000769985.1.fna
GCF_000804615.1	../reference_genomes/shadow/GCF_000804615.1.fna
GCF_000816225.1	../reference_genomes/shadow/GCF_000816225.1.fna
GCF_000816475.1	../reference_genomes/shadow/GCF_000816475.1.fna
GCF_000816575.1	../reference_genomes/shadow/GCF_000816575.1.fna
GCF_000829535.1	../reference_genomes/shadow/GCF_000829535.1.fna
GCF_000950135.1	../reference_genomes/shadow/GCF_000950135.1.fna
GCF_000950265.1	../reference_genomes/shadow/GCF_000950265.1.fna
GCF_000960595.1	../reference_genomes/shadow/GCF_000960595.1.fna
GCF_000964315.1	../reference_genomes/shadow/GCF_000964315.1.fna
GCF_000975275.1	../reference_genomes/shadow/GCF_000975275.1.fna
GCF_000980005.1	../reference_genomes/shadow/GCF_000980005.1.fna
GCF_001005065.1	../reference_genomes/shadow/GCF_001005065.1.fna
GCF_001037515.1	../reference_genomes/shadow/GCF_001037515.1.fna
GCF_001047035.1	../reference_genomes/shadow/GCF_001047035.1.fna
GCF_001071065.1	../reference_genomes/shadow/GCF_001071065.1.fna
GCF_001072925.1	../reference_genomes/shadow/GCF_001072925.1.fna
GCF_001152845.1	../reference_genomes/shadow/GCF_001152845.1.fna
GCF_001158365.1	../reference_genomes/shadow/GCF_001158365.1.fna
GCF_001175025.1	../reference_genomes/shadow/GCF_001175025.1.fna
GCF_001259595.1	../reference_genomes/shadow/GCF_001259595.1.fna
GCF_001293905.1	../reference_genomes/shadow/GCF_001293905.1.fna
GCF_001306465.1	../reference_genomes/shadow/GCF_001306465.1.fna
GCF_001319985.1	../reference_genomes/shadow/GCF_001319985.1.fna
GCF_001404795.1	../reference_genomes/shadow/GCF_001404795.1.fna
GCF_001413985.2	../reference_genomes/shadow/GCF_001413985.2.fna
GCF_001421235.1	../reference_genomes/shadow/GCF_001421235.1.fna
GCF_001422955.1	../reference_genomes/shadow/GCF_001422955.1.fna
GCF_001424365.1	../reference_genomes/shadow/GCF_001424365.1.fna
GCF_001424785.1	../reference_genomes/shadow/GCF_001424785.1.fna
GCF_001428465.1	../reference_genomes/shadow/GCF_001428465.1.fna
GCF_001434435.1	../reference_genomes/shadow/GCF_001434435.1.fna
GCF_001435245.1	../reference_genomes/shadow/GCF_001435245.1.fna
GCF_001435735.1	../reference_genomes/shadow/GCF_001435735.1.fna
GCF_001436905.1	../reference_genomes/shadow/GCF_001436905.1.fna
GCF_001467305.1	../reference_genomes/shadow/GCF_001467305.1.fna
GCF_001483985.1	../reference_genomes/shadow/GCF_001483985.1.fna
GCF_001490315.1	../reference_genomes/shadow/GCF_001490315.1.fna
GCF_001497095.1	../reference_genomes/shadow/GCF_001497095.1.fna
GCF_001509505.1	../reference_genomes/shadow/GCF_001509505.1.fna
GCF_001511755.1	../reference_genomes/shadow/GCF_001511755.1.fna
GCF_001521985.1	../reference_genomes/shadow/GCF_001521985.1.fna
GCF_001523835.1	../reference_genomes/shadow/GCF_001523835.1.fna
GCF_001529985.1	../reference_genomes/shadow/GCF_001529985.1.fna
GCF_001532025.2	../reference_genomes/shadow/GCF_001532025.2.fna
GCF_001552495.1	../reference_genomes/shadow/GCF_001552495.1.fna
GCF_001556635.1	../reference_genomes/shadow/GCF_001556635.1.fna
GCF_001558255.2	../reference_genomes/shadow/GCF_001558255.2.fna
GCF_001562525.1	../reference_genomes/shadow/GCF_001562525.1.fna
GCF_001572725.1	../reference_genomes/shadow/GCF_001572725.1.fna
GCF_001584645.1	../reference_genomes/shadow/GCF_001584645.1.fna
GCF_001587375.1	../reference_genomes/shadow/GCF_001587375.1.fna
GCF_001597905.1	../reference_genomes/shadow/GCF_001597905.1.fna
GCF_001598195.1	../reference_genomes/shadow/GCF_001598195.1.fna
GCF_001624895.1	../reference_genomes/shadow/GCF_001624895.1.fna
GCF_001628775.1	../reference_genomes/shadow/GCF_001628775.1.fna
GCF_001641975.2	../reference_genomes/shadow/GCF_001641975.2.fna
GCF_001647655.1	../reference_genomes/shadow/GCF_001647655.1.fna
GCF_001649535.1	../reference_genomes/shadow/GCF_001649535.1.fna
GCF_001655535.1	../reference_genomes/shadow/GCF_001655535.1.fna
GCF_001655825.1	../reference_genomes/shadow/GCF_001655825.1.fna
GCF_001673005.1	../reference_genomes/shadow/GCF_001673005.1.fna
GCF_001675095.1	../reference_genomes/shadow/GCF_001675095.1.fna
GCF_001678625.1	../reference_genomes/shadow/GCF_001678625.1.fna
GCF_001686675.1	../reference_genomes/shadow/GCF_001686675.1.fna
GCF_001704955.2	../reference_genomes/shadow/GCF_001704955.2.fna
GCF_001717135.1	../reference_genomes/shadow/GCF_001717135.1.fna
GCF_001723665.1	../reference_genomes/shadow/GCF_001723665.1.fna
GCF_001752475.1	../reference_genomes/shadow/GCF_001752475.1.fna
GCF_001757495.1	../reference_genomes/shadow/GCF_001757495.1.fna
GCF_001759995.1	../reference_genomes/shadow/GCF_001759995.1.fna
GCF_001792875.1	../reference_genomes/shadow/GCF_001792875.1.fna
GCF_001806805.1	../reference_genomes/shadow/GCF_001806805.1.fna
GCF_001813205.1	../reference_genomes/shadow/GCF_001813205.1.fna
GCF_001887375.1	../reference_genomes/shadow/GCF_001887375.1.fna
GCF_001905025.1	../reference_genomes/shadow/GCF_001905025.1.fna
GCF_001945375.1	../reference_genomes/shadow/GCF_001945375.1.fna
GCF_001954415.1	../reference_genomes/shadow/GCF_001954415.1.fna
GCF_001956105.1	../reference_genomes/shadow/GCF_001956105.1.fna
GCF_001998675.1	../reference_genomes/shadow/GCF_001998675.1.fna
GCF_001999265.1	../reference_genomes/shadow/GCF_001999265.1.fna
GCF_002003485.1	../reference_genomes/shadow/GCF_002003485.1.fna
GCF_002003555.1	../reference_genomes/shadow/GCF_002003555.1.fna
GCF_002020225.1	../reference_genomes/shadow/GCF_002020225.1.fna
GCF_002025445.1	../reference_genomes/shadow/GCF_002025445.1.fna
GCF_002095825.1	../reference_genomes/shadow/GCF_002095825.1.fna
GCF_002096775.1	../reference_genomes/shadow/GCF_002096775.1.fna
GCF_002103985.1	../reference_genomes/shadow/GCF_002103985.1.fna
GCF_002112635.1	../reference_genomes/shadow/GCF_002112635.1.fna
GCF_002112885.1	../reference_genomes/shadow/GCF_002112885.1.fna
GCF_002139465.1	../reference_genomes/shadow/GCF_002139465.1.fna
GCF_002141785.1	../reference_genomes/shadow/GCF_002141785.1.fna
GCF_002153595.1	../reference_genomes/shadow/GCF_002153595.1.fna
GCF_002160385.1	../reference_genomes/shadow/GCF_002160385.1.fna
GCF_002205555.1	../reference_genomes/shadow/GCF_002205555.1.fna
GCF_002213185.1	../reference_genomes/shadow/GCF_002213185.1.fna
GCF_002224505.1	../reference_genomes/shadow/GCF_002224505.1.fna
GCF_002253195.1	../reference_genomes/shadow/GCF_002253195.1.fna
GCF_002253955.1	../reference_genomes/shadow/GCF_002253955.1.fna
GCF_002271575.1	../reference_genomes/shadow/GCF_002271575.1.fna
GCF_002287425.1	../reference_genomes/shadow/GCF_002287425.1.fna
GCF_002290345.1	../reference_genomes/shadow/GCF_002290345.1.fna
GCF_002302615.1	../reference_genomes/shadow/GCF_002302615.1.fna
GCF_002382965.1	../reference_genomes/shadow/GCF_002382965.1.fna
GCF_002556975.1	../reference_genomes/shadow/GCF_002556975.1.fna
GCF_002568935.1	../reference_genomes/shadow/GCF_002568935.1.fna
GCF_002580595.1	../reference_genomes/shadow/GCF_002580595.1.fna
GCF_002591505.1	../reference_genomes/shadow/GCF_002591505.1.fna
GCF_002608015.1	../reference_genomes/shadow/GCF_002608015.1.fna
GCF_002735655.1	../reference_genomes/shadow/GCF_002735655.1.fna
GCF_002742325.1	../reference_genomes/shadow/GCF_002742325.1.fna
GCF_002752075.1	../reference_genomes/shadow/GCF_002752075.1.fna
GCF_002763975.1	../reference_genomes/shadow/GCF_002763975.1.fna
GCF_002794215.1	../reference_genomes/shadow/GCF_002794215.1.fna
GCF_002803145.1	../reference_genomes/shadow/GCF_002803145.1.fna
GCF_002806725.1	../reference_genomes/shadow/GCF_002806725.1.fna
GCF_002836645.1	../reference_genomes/shadow/GCF_002836645.1.fna
GCF_002845275.1	../reference_genomes/shadow/GCF_002845275.1.fna
GCF_002845485.1	../reference_genomes/shadow/GCF_002845485.1.fna
GCF_002846295.1	../reference_genomes/shadow/GCF_002846295.1.fna
GCF_002861415.1	../reference_genomes/shadow/GCF_002861415.1.fna
GCF_002871385.1	../reference_genomes/shadow/GCF_002871385.1.fna
GCF_002882395.1	../reference_genomes/shadow/GCF_002882395.1.fna
GCF_002883285.1	../reference_genomes/shadow/GCF_002883285.1.fna
GCF_002884815.1	../reference_genomes/shadow/GCF_002884815.1.fna
GCF_002885015.1	../reference_genomes/shadow/GCF_002885015.1.fna
GCF_002891965.1	../reference_genomes/shadow/GCF_002891965.1.fna
GCF_002932615.1	../reference_genomes/shadow/GCF_002932615.1.fna
GCF_002932755.1	../reference_genomes/shadow/GCF_002932755.1.fna
GCF_002940045.1	../reference_genomes/shadow/GCF_002940045.1.fna
GCF_002963125.1	../reference_genomes/shadow/GCF_002963125.1.fna
GCF_002978185.1	../reference_genomes/shadow/GCF_002978185.1.fna
GCF_002978915.1	../reference_genomes/shadow/GCF_002978915.1.fna
GCF_002993435.1	../reference_genomes/shadow/GCF_002993435.1.fna
GCF_003001635.1	../reference_genomes/shadow/GCF_003001635.1.fna
GCF_003002015.1	../reference_genomes/shadow/GCF_003002015.1.fna
GCF_003014915.1	../reference_genomes/shadow/GCF_003014915.1.fna
GCF_003027095.1	../reference_genomes/shadow/GCF_003027095.1.fna
GCF_003048505.1	../reference_genomes/shadow/GCF_003048505.1.fna
GCF_003053915.1	../reference_genomes/shadow/GCF_003053915.1.fna
GCF_003059125.1	../reference_genomes/shadow/GCF_003059125.1.fna
GCF_003074755.1	../reference_genomes/shadow/GCF_003074755.1.fna
GCF_003095075.1	../reference_genomes/shadow/GCF_003095075.1.fna
GCF_003096315.1	../reference_genomes/shadow/GCF_003096315.1.fna
GCF_003113495.1	../reference_genomes/shadow/GCF_003113495.1.fna
GCF_003150715.1	../reference_genomes/shadow/GCF_003150715.1.fna
GCF_003185985.1	../reference_genomes/shadow/GCF_003185985.1.fna
GCF_003207955.1	../reference_genomes/shadow/GCF_003207955.1.fna
GCF_003252965.1	../reference_genomes/shadow/GCF_003252965.1.fna
GCF_003256365.1	../reference_genomes/shadow/GCF_003256365.1.fna
GCF_003286425.2	../reference_genomes/shadow/GCF_003286425.2.fna
GCF_003287205.1	../reference_genomes/shadow/GCF_003287205.1.fna
GCF_003312355.1	../reference_genomes/shadow/GCF_003312355.1.fna
GCF_003315405.1	../reference_genomes/shadow/GCF_003315405.1.fna
GCF_003340315.1	../reference_genomes/shadow/GCF_003340315.1.fna
GCF_003351175.1	../reference_genomes/shadow/GCF_003351175.1.fna
GCF_003363195.1	../reference_genomes/shadow/GCF_003363195.1.fna
GCF_003437395.1	../reference_genomes/shadow/GCF_003437395.1.fna
GCF_003438845.1	../reference_genomes/shadow/GCF_003438845.1.fna
GCF_003460775.1	../reference_genomes/shadow/GCF_003460775.1.fna
GCF_003462565.1	../reference_genomes/shadow/GCF_003462565.1.fna
GCF_003472665.1	../reference_genomes/shadow/GCF_003472665.1.fna
GCF_003479275.1	../reference_genomes/shadow/GCF_003479275.1.fna
GCF_003575225.1	../reference_genomes/shadow/GCF_003575225.1.fna
GCF_003578115.1	../reference_genomes/shadow/GCF_003578115.1.fna
GCF_003578895.1	../reference_genomes/shadow/GCF_003578895.1.fna
GCF_003581385.1	../reference_genomes/shadow/GCF_003581385.1.fna
GCF_003585605.1	../reference_genomes/shadow/GCF_003585605.1.fna
GCF_003614855.1	../reference_genomes/shadow/GCF_003614855.1.fna
GCF_003633785.1	../reference_genomes/shadow/GCF_003633785.1.fna
GCF_003634645.1	../reference_genomes/shadow/GCF_003634645.1.fna
GCF_003703245.1	../reference_genomes/shadow/GCF_003703245.1.fna
GCF_003721415.1	../reference_genomes/shadow/GCF_003721415.1.fna
GCF_003731865.1	../reference_genomes/shadow/GCF_003731865.1.fna
GCF_003752125.1	../reference_genomes/shadow/GCF_003752125.1.fna
GCF_003837815.1	../reference_genomes/shadow/GCF_003837815.1.fna
GCF_003844195.1	../reference_genomes/shadow/GCF_003844195.1.fna
GCF_003852395.1	../reference_genomes/shadow/GCF_003852395.1.fna
GCF_003942375.1	../reference_genomes/shadow/GCF_003942375.1.fna
GCF_003943715.1	../reference_genomes/shadow/GCF_003943715.1.fna
GCF_003944745.1	../reference_genomes/shadow/GCF_003944745.1.fna
GCF_003984855.1	../reference_genomes/shadow/GCF_003984855.1.fna
GCF_003985135.1	../reference_genomes/shadow/GCF_003985135.1.fna
GCF_003998145.1	../reference_genomes/shadow/GCF_003998145.1.fna
GCF_003999355.1	../reference_genomes/shadow/GCF_003999355.1.fna
GCF_004011905.1	../reference_genomes/shadow/GCF_004011905.1.fna
GCF_004024425.1	../reference_genomes/shadow/GCF_004024425.1.fna
GCF_004115015.1	../reference_genomes/shadow/GCF_004115015.1.fna
GCF_004127935.1	../reference_genomes/shadow/GCF_004127935.1.fna
GCF_004156175.1	../reference_genomes/shadow/GCF_004156175.1.fna
GCF_004166965.1	../reference_genomes/shadow/GCF_004166965.1.fna
GCF_004167255.1	../reference_genomes/shadow/GCF_004167255.1.fna
GCF_004181775.1	../reference_genomes/shadow/GCF_004181775.1.fna
GCF_004195995.1	../reference_genomes/shadow/GCF_004195995.1.fna
GCF_004303385.1	../reference_genomes/shadow/GCF_004303385.1.fna
GCF_004306975.1	../reference_genomes/shadow/GCF_004306975.1.fna
GCF_004329805.1	../reference_genomes/shadow/GCF_004329805.1.fna
GCF_004337165.1	../reference_genomes/shadow/GCF_004337165.1.fna
GCF_004337435.2	../reference_genomes/shadow/GCF_004337435.2.fna
GCF_004341305.1	../reference_genomes/shadow/GCF_004341305.1.fna
GCF_004346745.1	../reference_genomes/shadow/GCF_004346745.1.fna
GCF_004363965.1	../reference_genomes/shadow/GCF_004363965.1.fna
GCF_004364515.1	../reference_genomes/shadow/GCF_004364515.1.fna
GCF_004365465.1	../reference_genomes/shadow/GCF_004365465.1.fna
GCF_004366255.1	../reference_genomes/shadow/GCF_004366255.1.fna
GCF_004369245.1	../reference_genomes/shadow/GCF_004369245.1.fna
GCF_004402975.1	../reference_genomes/shadow/GCF_004402975.1.fna
GCF_004403255.1	../reference_genomes/shadow/GCF_004403255.1.fna
GCF_004522355.1	../reference_genomes/shadow/GCF_004522355.1.fna
GCF_004570815.1	../reference_genomes/shadow/GCF_004570815.1.fna
GCF_004769775.1	../reference_genomes/shadow/GCF_004769775.1.fna
GCF_004770625.1	../reference_genomes/shadow/GCF_004770625.1.fna
GCF_004793415.1	../reference_genomes/shadow/GCF_004793415.1.fna
GCF_004802355.1	../reference_genomes/shadow/GCF_004802355.1.fna
GCF_005047415.1	../reference_genomes/shadow/GCF_005047415.1.fna
GCF_005153965.1	../reference_genomes/shadow/GCF_005153965.1.fna
GCF_005435035.1	../reference_genomes/shadow/GCF_005435035.1.fna
GCF_005886095.1	../reference_genomes/shadow/GCF_005886095.1.fna
GCF_005887255.1	../reference_genomes/shadow/GCF_005887255.1.fna
GCF_006124955.1	../reference_genomes/shadow/GCF_006124955.1.fna
GCF_006408855.1	../reference_genomes/shadow/GCF_006408855.1.fna
GCF_006539005.1	../reference_genomes/shadow/GCF_006539005.1.fna
GCF_006539705.1	../reference_genomes/shadow/GCF_006539705.1.fna
GCF_006969105.1	../reference_genomes/shadow/GCF_006969105.1.fna
GCF_006980285.1	../reference_genomes/shadow/GCF_006980285.1.fna
GCF_007003925.1	../reference_genomes/shadow/GCF_007003925.1.fna
GCF_007570885.1	../reference_genomes/shadow/GCF_007570885.1.fna
GCF_007676615.1	../reference_genomes/shadow/GCF_007676615.1.fna
GCF_007678225.1	../reference_genomes/shadow/GCF_007678225.1.fna
GCF_007678855.1	../reference_genomes/shadow/GCF_007678855.1.fna
GCF_007680775.1	../reference_genomes/shadow/GCF_007680775.1.fna
GCF_007829005.1	../reference_genomes/shadow/GCF_007829005.1.fna
GCF_007988925.1	../reference_genomes/shadow/GCF_007988925.1.fna
GCF_007990875.1	../reference_genomes/shadow/GCF_007990875.1.fna
GCF_007991555.1	../reference_genomes/shadow/GCF_007991555.1.fna
GCF_007992575.1	../reference_genomes/shadow/GCF_007992575.1.fna
GCF_007992615.1	../reference_genomes/shadow/GCF_007992615.1.fna
GCF_008040095.1	../reference_genomes/shadow/GCF_008040095.1.fna
GCF_008121325.1	../reference_genomes/shadow/GCF_008121325.1.fna
GCF_008121555.1	../reference_genomes/shadow/GCF_008121555.1.fna
GCF_008364575.1	../reference_genomes/shadow/GCF_008364575.1.fna
GCF_008723255.1	../reference_genomes/shadow/GCF_008723255.1.fna
GCF_008977645.1	../reference_genomes/shadow/GCF_008977645.1.fna
GCF_009020405.1	../reference_genomes/shadow/GCF_009020405.1.fna
GCF_009025875.1	../reference_genomes/shadow/GCF_009025875.1.fna
GCF_009102285.1	../reference_genomes/shadow/GCF_009102285.1.fna
GCF_009183545.1	../reference_genomes/shadow/GCF_009183545.1.fna
GCF_009296125.1	../reference_genomes/shadow/GCF_009296125.1.fna
GCF_009361155.1	../reference_genomes/shadow/GCF_009361155.1.fna
GCF_009363215.3	../reference_genomes/shadow/GCF_009363215.3.fna
GCF_009600425.1	../reference_genomes/shadow/GCF_009600425.1.fna
GCF_009601105.1	../reference_genomes/shadow/GCF_009601105.1.fna
GCF_009626655.1	../reference_genomes/shadow/GCF_009626655.1.fna
GCF_009650415.1	../reference_genomes/shadow/GCF_009650415.1.fna
GCF_009660185.1	../reference_genomes/shadow/GCF_009660185.1.fna
GCF_009665195.1	../reference_genomes/shadow/GCF_009665195.1.fna
GCF_009669935.1	../reference_genomes/shadow/GCF_009669935.1.fna
GCF_009671205.1	../reference_genomes/shadow/GCF_009671205.1.fna
GCF_009706185.1	../reference_genomes/shadow/GCF_009706185.1.fna
GCF_009712075.1	../reference_genomes/shadow/GCF_009712075.1.fna
GCF_009718475.1	../reference_genomes/shadow/GCF_009718475.1.fna
GCF_009718865.1	../reference_genomes/shadow/GCF_009718865.1.fna
GCF_009727735.1	../reference_genomes/shadow/GCF_009727735.1.fna
GCF_009729275.1	../reference_genomes/shadow/GCF_009729275.1.fna
GCF_009730315.1	../reference_genomes/shadow/GCF_009730315.1.fna
GCF_009730435.1	../reference_genomes/shadow/GCF_009730435.1.fna
GCF_009738535.1	../reference_genomes/shadow/GCF_009738535.1.fna
GCF_009763865.1	../reference_genomes/shadow/GCF_009763865.1.fna
GCF_009832185.1	../reference_genomes/shadow/GCF_009832185.1.fna
GCF_009863275.1	../reference_genomes/shadow/GCF_009863275.1.fna
GCF_009914805.1	../reference_genomes/shadow/GCF_009914805.1.fna
GCF_009915285.1	../reference_genomes/shadow/GCF_009915285.1.fna
GCF_009915985.1	../reference_genomes/shadow/GCF_009915985.1.fna
GCF_009931255.1	../reference_genomes/shadow/GCF_009931255.1.fna
GCF_010119635.1	../reference_genomes/shadow/GCF_010119635.1.fna
GCF_010590605.1	../reference_genomes/shadow/GCF_010590605.1.fna
GCF_010668515.1	../reference_genomes/shadow/GCF_010668515.1.fna
GCF_010894335.1	../reference_genomes/shadow/GCF_010894335.1.fna
GCF_011008745.1	../reference_genomes/shadow/GCF_011008745.1.fna
GCF_011082085.1	../reference_genomes/shadow/GCF_011082085.1.fna
GCF_011317485.1	../reference_genomes/shadow/GCF_011317485.1.fna
GCF_011320595.1	../reference_genomes/shadow/GCF_011320595.1.fna
GCF_011365345.1	../reference_genomes/shadow/GCF_011365345.1.fna
GCF_011394545.1	../reference_genomes/shadow/GCF_011394545.1.fna
GCF_011516745.1	../reference_genomes/shadow/GCF_011516745.1.fna
GCF_011752945.1	../reference_genomes/shadow/GCF_011752945.1.fna
GCF_011761485.1	../reference_genomes/shadow/GCF_011761485.1.fna
GCF_011813005.1	../reference_genomes/shadow/GCF_011813005.1.fna
GCF_012034235.1	../reference_genomes/shadow/GCF_012034235.1.fna
GCF_012070355.1	../reference_genomes/shadow/GCF_012070355.1.fna
GCF_012275065.1	../reference_genomes/shadow/GCF_012275065.1.fna
GCF_012295595.1	../reference_genomes/shadow/GCF_012295595.1.fna
GCF_012844185.1	../reference_genomes/shadow/GCF_012844185.1.fna
GCF_012922215.1	../reference_genomes/shadow/GCF_012922215.1.fna
GCF_012978695.1	../reference_genomes/shadow/GCF_012978695.1.fna
GCF_012985315.1	../reference_genomes/shadow/GCF_012985315.1.fna
GCF_012985765.1	../reference_genomes/shadow/GCF_012985765.1.fna
GCF_012985785.1	../reference_genomes/shadow/GCF_012985785.1.fna
GCF_013032265.1	../reference_genomes/shadow/GCF_013032265.1.fna
GCF_013032525.1	../reference_genomes/shadow/GCF_013032525.1.fna
GCF_013034485.1	../reference_genomes/shadow/GCF_013034485.1.fna
GCF_013110775.1	../reference_genomes/shadow/GCF_013110775.1.fna
GCF_013114285.1	../reference_genomes/shadow/GCF_013114285.1.fna
GCF_013168465.1	../reference_genomes/shadow/GCF_013168465.1.fna
GCF_013277115.1	../reference_genomes/shadow/GCF_013277115.1.fna
GCF_013283255.1	../reference_genomes/shadow/GCF_013283255.1.fna
GCF_013305165.1	../reference_genomes/shadow/GCF_013305165.1.fna
GCF_013358065.1	../reference_genomes/shadow/GCF_013358065.1.fna
GCF_013366655.1	../reference_genomes/shadow/GCF_013366655.1.fna
GCF_013367995.1	../reference_genomes/shadow/GCF_013367995.1.fna
GCF_013385335.1	../reference_genomes/shadow/GCF_013385335.1.fna
GCF_013385725.1	../reference_genomes/shadow/GCF_013385725.1.fna
GCF_013392005.1	../reference_genomes/shadow/GCF_013392005.1.fna
GCF_013416305.1	../reference_genomes/shadow/GCF_013416305.1.fna
GCF_013418025.1	../reference_genomes/shadow/GCF_013418025.1.fna
GCF_013418275.1	../reference_genomes/shadow/GCF_013418275.1.fna
GCF_013425305.1	../reference_genomes/shadow/GCF_013425305.1.fna
GCF_013463725.1	../reference_genomes/shadow/GCF_013463725.1.fna
GCF_013522965.1	../reference_genomes/shadow/GCF_013522965.1.fna
GCF_013740875.1	../reference_genomes/shadow/GCF_013740875.1.fna
GCF_013781885.1	../reference_genomes/shadow/GCF_013781885.1.fna
GCF_014062205.1	../reference_genomes/shadow/GCF_014062205.1.fna
GCF_014077115.1	../reference_genomes/shadow/GCF_014077115.1.fna
GCF_014077375.1	../reference_genomes/shadow/GCF_014077375.1.fna
GCF_014121175.1	../reference_genomes/shadow/GCF_014121175.1.fna
GCF_014161995.1	../reference_genomes/shadow/GCF_014161995.1.fna
GCF_014164685.1	../reference_genomes/shadow/GCF_014164685.1.fna
GCF_014170285.1	../reference_genomes/shadow/GCF_014170285.1.fna
GCF_014191445.1	../reference_genomes/shadow/GCF_014191445.1.fna
GCF_014191935.1	../reference_genomes/shadow/GCF_014191935.1.fna
GCF_014192525.1	../reference_genomes/shadow/GCF_014192525.1.fna
GCF_014192895.1	../reference_genomes/shadow/GCF_014192895.1.fna
GCF_014193945.1	../reference_genomes/shadow/GCF_014193945.1.fna
GCF_014195385.1	../reference_genomes/shadow/GCF_014195385.1.fna
GCF_014200075.1	../reference_genomes/shadow/GCF_014200075.1.fna
GCF_014200835.1	../reference_genomes/shadow/GCF_014200835.1.fna
GCF_014204265.1	../reference_genomes/shadow/GCF_014204265.1.fna
GCF_014217585.1	../reference_genomes/shadow/GCF_014217585.1.fna
GCF_014217765.1	../reference_genomes/shadow/GCF_014217765.1.fna
GCF_014218725.1	../reference_genomes/shadow/GCF_014218725.1.fna
GCF_014223665.1	../reference_genomes/shadow/GCF_014223665.1.fna
GCF_014224125.1	../reference_genomes/shadow/GCF_014224125.1.fna
GCF_014230795.1	../reference_genomes/shadow/GCF_014230795.1.fna
GCF_014251755.1	../reference_genomes/shadow/GCF_014251755.1.fna
GCF_014268345.1	../reference_genomes/shadow/GCF_014268345.1.fna
GCF_014295435.1	../reference_genomes/shadow/GCF_014295435.1.fna
GCF_014297375.1	../reference_genomes/shadow/GCF_014297375.1.fna
GCF_014304795.1	../reference_genomes/shadow/GCF_014304795.1.fna
GCF_014326425.1	../reference_genomes/shadow/GCF_014326425.1.fna
GCF_014332945.1	../reference_genomes/shadow/GCF_014332945.1.fna
GCF_014581875.1	../reference_genomes/shadow/GCF_014581875.1.fna
GCF_014636375.1	../reference_genomes/shadow/GCF_014636375.1.fna
GCF_014642795.1	../reference_genomes/shadow/GCF_014642795.1.fna
GCF_014648015.1	../reference_genomes/shadow/GCF_014648015.1.fna
GCF_014672875.1	../reference_genomes/shadow/GCF_014672875.1.fna
GCF_014695845.1	../reference_genomes/shadow/GCF_014695845.1.fna
GCF_014852405.1	../reference_genomes/shadow/GCF_014852405.1.fna
GCF_014875755.1	../reference_genomes/shadow/GCF_014875755.1.fna
GCF_014890395.1	../reference_genomes/shadow/GCF_014890395.1.fna
GCF_014925325.1	../reference_genomes/shadow/GCF_014925325.1.fna
GCF_014946865.1	../reference_genomes/shadow/GCF_014946865.1.fna
GCF_015024185.1	../reference_genomes/shadow/GCF_015024185.1.fna
GCF_015125055.1	../reference_genomes/shadow/GCF_015125055.1.fna
GCF_015207795.1	../reference_genomes/shadow/GCF_015207795.1.fna
GCF_015230435.1	../reference_genomes/shadow/GCF_015230435.1.fna
GCF_015272745.1	../reference_genomes/shadow/GCF_015272745.1.fna
GCF_015277295.1	../reference_genomes/shadow/GCF_015277295.1.fna
GCF_015335665.1	../reference_genomes/shadow/GCF_015335665.1.fna
GCF_015476965.1	../reference_genomes/shadow/GCF_015476965.1.fna
GCF_015552485.1	../reference_genomes/shadow/GCF_015552485.1.fna
GCF_015556395.1	../reference_genomes/shadow/GCF_015556395.1.fna
GCF_015557255.1	../reference_genomes/shadow/GCF_015557255.1.fna
GCF_015557425.1	../reference_genomes/shadow/GCF_015557425.1.fna
GCF_015560925.1	../reference_genomes/shadow/GCF_015560925.1.fna
GCF_015667625.1	../reference_genomes/shadow/GCF_015667625.1.fna
GCF_015709065.1	../reference_genomes/shadow/GCF_015709065.1.fna
GCF_015722795.1	../reference_genomes/shadow/GCF_015722795.1.fna
GCF_015752425.1	../reference_genomes/shadow/GCF_015752425.1.fna
GCF_016008885.1	../reference_genomes/shadow/GCF_016008885.1.fna
GCF_016127355.1	../reference_genomes/shadow/GCF_016127355.1.fna
GCF_016127495.1	../reference_genomes/shadow/GCF_016127495.1.fna
GCF_016127535.1	../reference_genomes/shadow/GCF_016127535.1.fna
GCF_016134935.2	../reference_genomes/shadow/GCF_016134935.2.fna
GCF_016406055.1	../reference_genomes/shadow/GCF_016406055.1.fna
GCF_016415085.1	../reference_genomes/shadow/GCF_016415085.1.fna
GCF_016456245.1	../reference_genomes/shadow/GCF_016456245.1.fna
GCF_016483665.1	../reference_genomes/shadow/GCF_016483665.1.fna
GCF_016501565.1	../reference_genomes/shadow/GCF_016501565.1.fna
GCF_016508425.1	../reference_genomes/shadow/GCF_016508425.1.fna
GCF_016604505.1	../reference_genomes/shadow/GCF_016604505.1.fna
GCF_016604695.1	../reference_genomes/shadow/GCF_016604695.1.fna
GCF_016614035.1	../reference_genomes/shadow/GCF_016614035.1.fna
GCF_016649255.1	../reference_genomes/shadow/GCF_016649255.1.fna
GCF_016730045.1	../reference_genomes/shadow/GCF_016730045.1.fna
GCF_016756935.1	../reference_genomes/shadow/GCF_016756935.1.fna
GCF_016803675.1	../reference_genomes/shadow/GCF_016803675.1.fna
GCF_016806605.1	../reference_genomes/shadow/GCF_016806605.1.fna
GCF_016806675.1	../reference_genomes/shadow/GCF_016806675.1.fna
GCF_016814455.1	../reference_genomes/shadow/GCF_016814455.1.fna
GCF_016814815.1	../reference_genomes/shadow/GCF_016814815.1.fna
GCF_016819815.1	../reference_genomes/shadow/GCF_016819815.1.fna
GCF_016837145.1	../reference_genomes/shadow/GCF_016837145.1.fna
GCF_016899615.1	../reference_genomes/shadow/GCF_016899615.1.fna
GCF_016900195.1	../reference_genomes/shadow/GCF_016900195.1.fna
GCF_016902135.1	../reference_genomes/shadow/GCF_016902135.1.fna
GCF_016908895.1	../reference_genomes/shadow/GCF_016908895.1.fna
GCF_016918125.1	../reference_genomes/shadow/GCF_016918125.1.fna
GCF_016921035.1	../reference_genomes/shadow/GCF_016921035.1.fna
GCF_016926015.1	../reference_genomes/shadow/GCF_016926015.1.fna
GCF_017068035.1	../reference_genomes/shadow/GCF_017068035.1.fna
GCF_017161205.1	../reference_genomes/shadow/GCF_017161205.1.fna
GCF_017167355.1	../reference_genomes/shadow/GCF_017167355.1.fna
GCF_017167485.1	../reference_genomes/shadow/GCF_017167485.1.fna
GCF_017311525.1	../reference_genomes/shadow/GCF_017311525.1.fna
GCF_017349335.1	../reference_genomes/shadow/GCF_017349335.1.fna
GCF_017350165.1	../reference_genomes/shadow/GCF_017350165.1.fna
GCF_017353435.1	../reference_genomes/shadow/GCF_017353435.1.fna
GCF_017565645.1	../reference_genomes/shadow/GCF_017565645.1.fna
GCF_017584945.1	../reference_genomes/shadow/GCF_017584945.1.fna
GCF_017744215.1	../reference_genomes/shadow/GCF_017744215.1.fna
GCF_017832375.1	../reference_genomes/shadow/GCF_017832375.1.fna
GCF_017965805.1	../reference_genomes/shadow/GCF_017965805.1.fna
GCF_017979455.1	../reference_genomes/shadow/GCF_017979455.1.fna
GCF_018092635.1	../reference_genomes/shadow/GCF_018092635.1.fna
GCF_018101315.1	../reference_genomes/shadow/GCF_018101315.1.fna
GCF_018129645.1	../reference_genomes/shadow/GCF_018129645.1.fna
GCF_018139665.1	../reference_genomes/shadow/GCF_018139665.1.fna
GCF_018256435.1	../reference_genomes/shadow/GCF_018256435.1.fna
GCF_018343855.1	../reference_genomes/shadow/GCF_018343855.1.fna
GCF_018344415.1	../reference_genomes/shadow/GCF_018344415.1.fna
GCF_018422095.1	../reference_genomes/shadow/GCF_018422095.1.fna
GCF_018499385.1	../reference_genomes/shadow/GCF_018499385.1.fna
GCF_018617755.1	../reference_genomes/shadow/GCF_018617755.1.fna
GCF_018618235.1	../reference_genomes/shadow/GCF_018618235.1.fna
GCF_018618955.1	../reference_genomes/shadow/GCF_018618955.1.fna
GCF_018619275.1	../reference_genomes/shadow/GCF_018619275.1.fna
GCF_018785445.1	../reference_genomes/shadow/GCF_018785445.1.fna
GCF_018861085.1	../reference_genomes/shadow/GCF_018861085.1.fna
GCF_018882145.1	../reference_genomes/shadow/GCF_018882145.1.fna
GCF_019047065.1	../reference_genomes/shadow/GCF_019047065.1.fna
GCF_019091205.1	../reference_genomes/shadow/GCF_019091205.1.fna
GCF_019173595.1	../reference_genomes/shadow/GCF_019173595.1.fna
GCF_019186685.1	../reference_genomes/shadow/GCF_019186685.1.fna
GCF_900054825.1	../reference_genomes/shadow/GCF_900054825.1.fna
GCF_900089985.1	../reference_genomes/shadow/GCF_900089985.1.fna
GCF_900094105.1	../reference_genomes/shadow/GCF_900094105.1.fna
GCF_900094785.1	../reference_genomes/shadow/GCF_900094785.1.fna
GCF_900101975.1	../reference_genomes/shadow/GCF_900101975.1.fna
GCF_900102255.1	../reference_genomes/shadow/GCF_900102255.1.fna
GCF_900104295.1	../reference_genomes/shadow/GCF_900104295.1.fna
GCF_900105525.1	../reference_genomes/shadow/GCF_900105525.1.fna
GCF_900107025.1	../reference_genomes/shadow/GCF_900107025.1.fna
GCF_900108375.1	../reference_genomes/shadow/GCF_900108375.1.fna
GCF_900110095.1	../reference_genomes/shadow/GCF_900110095.1.fna
GCF_900113885.1	../reference_genomes/shadow/GCF_900113885.1.fna
GCF_900114695.1	../reference_genomes/shadow/GCF_900114695.1.fna
GCF_900116885.1	../reference_genomes/shadow/GCF_900116885.1.fna
GCF_900119125.1	../reference_genomes/shadow/GCF_900119125.1.fna
GCF_900156585.1	../reference_genomes/shadow/GCF_900156585.1.fna
GCF_900167885.1	../reference_genomes/shadow/GCF_900167885.1.fna
GCF_900176455.1	../reference_genomes/shadow/GCF_900176455.1.fna
GCF_900186885.1	../reference_genomes/shadow/GCF_900186885.1.fna
GCF_900187205.1	../reference_genomes/shadow/GCF_900187205.1.fna
GCF_900196745.1	../reference_genomes/shadow/GCF_900196745.1.fna
GCF_900196925.1	../reference_genomes/shadow/GCF_900196925.1.fna
GCF_900198675.1	../reference_genomes/shadow/GCF_900198675.1.fna
GCF_900407595.1	../reference_genomes/shadow/GCF_900407595.1.fna
GCF_900445455.1	../reference_genomes/shadow/GCF_900445455.1.fna
GCF_900447255.1	../reference_genomes/shadow/GCF_900447255.1.fna
GCF_900452475.1	../reference_genomes/shadow/GCF_900452475.1.fna
GCF_900452855.1	../reference_genomes/shadow/GCF_900452855.1.fna
GCF_900482865.1	../reference_genomes/shadow/GCF_900482865.1.fna
GCF_900591185.1	../reference_genomes/shadow/GCF_900591185.1.fna
GCF_900602135.1	../reference_genomes/shadow/GCF_900602135.1.fna
GCF_900610765.1	../reference_genomes/shadow/GCF_900610765.1.fna
GCF_900637125.1	../reference_genomes/shadow/GCF_900637125.1.fna
GCF_900638215.1	../reference_genomes/shadow/GCF_900638215.1.fna
GCF_900640185.1	../reference_genomes/shadow/GCF_900640185.1.fna
GCF_900699155.1	../reference_genomes/shadow/GCF_900699155.1.fna
GCF_900987025.1	../reference_genomes/shadow/GCF_900987025.1.fna
GCF_901446615.1	../reference_genomes/shadow/GCF_901446615.1.fna
GCF_901542375.1	../reference_genomes/shadow/GCF_901542375.1.fna
GCF_901553755.1	../reference_genomes/shadow/GCF_901553755.1.fna
GCF_902162205.1	../reference_genomes/shadow/GCF_902162205.1.fna
GCF_902165845.1	../reference_genomes/shadow/GCF_902165845.1.fna
GCF_902170595.1	../reference_genomes/shadow/GCF_902170595.1.fna
GCF_902170625.1	../reference_genomes/shadow/GCF_902170625.1.fna
GCF_902312335.1	../reference_genomes/shadow/GCF_902312335.1.fna
GCF_902362465.1	../reference_genomes/shadow/GCF_902362465.1.fna
GCF_902365055.1	../reference_genomes/shadow/GCF_902365055.1.fna
GCF_902374635.1	../reference_genomes/shadow/GCF_902374635.1.fna
GCF_902375415.1	../reference_genomes/shadow/GCF_902375415.1.fna
GCF_902375465.1	../reference_genomes/shadow/GCF_902375465.1.fna
GCF_902375645.1	../reference_genomes/shadow/GCF_902375645.1.fna
GCF_902375985.1	../reference_genomes/shadow/GCF_902375985.1.fna
GCF_902376195.1	../reference_genomes/shadow/GCF_902376195.1.fna
GCF_902385705.1	../reference_genomes/shadow/GCF_902385705.1.fna
GCF_902460585.1	../reference_genomes/shadow/GCF_902460585.1.fna
GCF_902460615.1	../reference_genomes/shadow/GCF_902460615.1.fna
GCF_902460785.1	../reference_genomes/shadow/GCF_902460785.1.fna
GCF_902498765.1	../reference_genomes/shadow/GCF_902498765.1.fna
GCF_902499305.1	../reference_genomes/shadow/GCF_902499305.1.fna
GCF_902501475.1	../reference_genomes/shadow/GCF_902501475.1.fna
GCF_902506355.1	../reference_genomes/shadow/GCF_902506355.1.fna
GCF_902726605.1	../reference_genomes/shadow/GCF_902726605.1.fna
GCF_902825125.1	../reference_genomes/shadow/GCF_902825125.1.fna
GCF_902825395.1	../reference_genomes/shadow/GCF_902825395.1.fna
GCF_902829585.1	../reference_genomes/shadow/GCF_902829585.1.fna
GCF_902860065.1	../reference_genomes/shadow/GCF_902860065.1.fna
GCF_903469655.1	../reference_genomes/shadow/GCF_903469655.1.fna
GCF_904373195.1	../reference_genomes/shadow/GCF_904373195.1.fna
GCF_904423825.1	../reference_genomes/shadow/GCF_904423825.1.fna
GCF_904848685.1	../reference_genomes/shadow/GCF_904848685.1.fna
GCF_905219505.1	../reference_genomes/shadow/GCF_905219505.1.fna
GCF_905400345.1	../reference_genomes/shadow/GCF_905400345.1.fna
